LastName,FirstName,Gender,Country,Date,Competition,Round,Location,Apparatus,Rank,D_Score,E_Score,Penalty,Score
HASHIMOTO,Daiki,m,JPN,WED 28 JUL 2021,Olympic Games,final,"Tokyo, Japan",FX,2,6.200,8.633,0,14.833
HASHIMOTO,Daiki,m,JPN,WED 28 JUL 2021,Olympic Games,final,"Tokyo, Japan",PH,1,6.500,8.666,0,15.166
HASHIMOTO,Daiki,m,JPN,WED 28 JUL 2021,Olympic Games,final,"Tokyo, Japan",SR,12,5.300,8.233,0,13.533
HASHIMOTO,Daiki,m,JPN,WED 28 JUL 2021,Olympic Games,final,"Tokyo, Japan",VT,4,5.600,9.200,-0.1,14.700
HASHIMOTO,Daiki,m,JPN,WED 28 JUL 2021,Olympic Games,final,"Tokyo, Japan",PB,4,6.200,9.100,0,15.300
HASHIMOTO,Daiki,m,JPN,WED 28 JUL 2021,Olympic Games,final,"Tokyo, Japan",HB,1,6.500,8.433,0,14.933
XIAO,Ruoteng,m,CHN,WED 28 JUL 2021,Olympic Games,final,"Tokyo, Japan",FX,3,6.200,8.500,0,14.700
XIAO,Ruoteng,m,CHN,WED 28 JUL 2021,Olympic Games,final,"Tokyo, Japan",PH,3,6.100,8.600,0,14.700
XIAO,Ruoteng,m,CHN,WED 28 JUL 2021,Olympic Games,final,"Tokyo, Japan",SR,3,6.000,8.533,0,14.533
XIAO,Ruoteng,m,CHN,WED 28 JUL 2021,Olympic Games,final,"Tokyo, Japan",VT,4,5.600,9.200,-0.1,14.700
XIAO,Ruoteng,m,CHN,WED 28 JUL 2021,Olympic Games,final,"Tokyo, Japan",PB,3,6.400,8.966,0,15.366
XIAO,Ruoteng,m,CHN,WED 28 JUL 2021,Olympic Games,final,"Tokyo, Japan",HB,9,6.000,8.366,-0.3,14.066
NAGORNYY,Nikita,m,ROC,WED 28 JUL 2021,Olympic Games,final,"Tokyo, Japan",FX,7,6.200,8.433,-0.2,14.433
NAGORNYY,Nikita,m,ROC,WED 28 JUL 2021,Olympic Games,final,"Tokyo, Japan",PH,5,6.100,8.166,0,14.266
NAGORNYY,Nikita,m,ROC,WED 28 JUL 2021,Olympic Games,final,"Tokyo, Japan",SR,1,6.000,8.666,0,14.666
NAGORNYY,Nikita,m,ROC,WED 28 JUL 2021,Olympic Games,final,"Tokyo, Japan",VT,2,5.600,9.300,0,14.900
NAGORNYY,Nikita,m,ROC,WED 28 JUL 2021,Olympic Games,final,"Tokyo, Japan",PB,1,6.400,9.000,0,15.400
NAGORNYY,Nikita,m,ROC,WED 28 JUL 2021,Olympic Games,final,"Tokyo, Japan",HB,7,6.000,8.366,0,14.366
SUN,Wei,m,CHN,WED 28 JUL 2021,Olympic Games,final,"Tokyo, Japan",FX,5,6.000,8.500,0,14.500
SUN,Wei,m,CHN,WED 28 JUL 2021,Olympic Games,final,"Tokyo, Japan",PH,2,6.300,8.666,0,14.966
SUN,Wei,m,CHN,WED 28 JUL 2021,Olympic Games,final,"Tokyo, Japan",SR,7,5.900,8.166,0,14.066
SUN,Wei,m,CHN,WED 28 JUL 2021,Olympic Games,final,"Tokyo, Japan",VT,2,5.600,9.300,0,14.900
SUN,Wei,m,CHN,WED 28 JUL 2021,Olympic Games,final,"Tokyo, Japan",PB,9,6.500,8.466,0,14.966
SUN,Wei,m,CHN,WED 28 JUL 2021,Olympic Games,final,"Tokyo, Japan",HB,4,6.200,8.200,0,14.400
KITAZONO,Takeru,m,JPN,WED 28 JUL 2021,Olympic Games,final,"Tokyo, Japan",FX,4,6.200,8.366,0,14.566
KITAZONO,Takeru,m,JPN,WED 28 JUL 2021,Olympic Games,final,"Tokyo, Japan",PH,4,6.000,8.500,0,14.500
KITAZONO,Takeru,m,JPN,WED 28 JUL 2021,Olympic Games,final,"Tokyo, Japan",SR,14,4.500,9.000,0,13.500
KITAZONO,Takeru,m,JPN,WED 28 JUL 2021,Olympic Games,final,"Tokyo, Japan",VT,6,5.600,9.066,0,14.666
KITAZONO,Takeru,m,JPN,WED 28 JUL 2021,Olympic Games,final,"Tokyo, Japan",PB,6,6.300,8.766,0,15.066
KITAZONO,Takeru,m,JPN,WED 28 JUL 2021,Olympic Games,final,"Tokyo, Japan",HB,3,5.900,8.500,0,14.400
DALALOYAN,Artur,m,ROC,WED 28 JUL 2021,Olympic Games,final,"Tokyo, Japan",FX,16,5.700,8.450,-0.1,14.050
DALALOYAN,Artur,m,ROC,WED 28 JUL 2021,Olympic Games,final,"Tokyo, Japan",PH,8,5.800,8.100,0,13.900
DALALOYAN,Artur,m,ROC,WED 28 JUL 2021,Olympic Games,final,"Tokyo, Japan",SR,1,6.000,8.666,0,14.666
DALALOYAN,Artur,m,ROC,WED 28 JUL 2021,Olympic Games,final,"Tokyo, Japan",VT,8,5.600,8.866,0,14.466
DALALOYAN,Artur,m,ROC,WED 28 JUL 2021,Olympic Games,final,"Tokyo, Japan",PB,7,6.400,8.633,0,15.033
DALALOYAN,Artur,m,ROC,WED 28 JUL 2021,Olympic Games,final,"Tokyo, Japan",HB,8,5.700,8.433,0,14.133
TANG,Chia-Hung,m,TPE,WED 28 JUL 2021,Olympic Games,final,"Tokyo, Japan",FX,9,5.400,8.966,0,14.366
TANG,Chia-Hung,m,TPE,WED 28 JUL 2021,Olympic Games,final,"Tokyo, Japan",PH,15,4.700,8.633,0,13.333
TANG,Chia-Hung,m,TPE,WED 28 JUL 2021,Olympic Games,final,"Tokyo, Japan",SR,6,5.500,8.600,0,14.100
TANG,Chia-Hung,m,TPE,WED 28 JUL 2021,Olympic Games,final,"Tokyo, Japan",VT,9,5.200,9.233,0,14.433
TANG,Chia-Hung,m,TPE,WED 28 JUL 2021,Olympic Games,final,"Tokyo, Japan",PB,18,4.800,9.000,0,13.800
TANG,Chia-Hung,m,TPE,WED 28 JUL 2021,Olympic Games,final,"Tokyo, Japan",HB,2,6.000,8.766,0,14.766
HALL,James,m,GBR,WED 28 JUL 2021,Olympic Games,final,"Tokyo, Japan",FX,6,5.900,8.566,0,14.466
HALL,James,m,GBR,WED 28 JUL 2021,Olympic Games,final,"Tokyo, Japan",PH,14,5.900,7.533,0,13.433
HALL,James,m,GBR,WED 28 JUL 2021,Olympic Games,final,"Tokyo, Japan",SR,8,5.300,8.666,0,13.966
HALL,James,m,GBR,WED 28 JUL 2021,Olympic Games,final,"Tokyo, Japan",VT,13,5.200,9.100,0,14.300
HALL,James,m,GBR,WED 28 JUL 2021,Olympic Games,final,"Tokyo, Japan",PB,13,5.900,8.533,0,14.433
HALL,James,m,GBR,WED 28 JUL 2021,Olympic Games,final,"Tokyo, Japan",HB,10,6.000,8.000,0,14.000
FRASER,Joe,m,GBR,WED 28 JUL 2021,Olympic Games,final,"Tokyo, Japan",FX,15,5.800,8.300,0,14.100
FRASER,Joe,m,GBR,WED 28 JUL 2021,Olympic Games,final,"Tokyo, Japan",PH,16,6.000,7.300,0,13.300
FRASER,Joe,m,GBR,WED 28 JUL 2021,Olympic Games,final,"Tokyo, Japan",SR,5,5.800,8.633,0,14.433
FRASER,Joe,m,GBR,WED 28 JUL 2021,Olympic Games,final,"Tokyo, Japan",VT,23,5.200,8.233,-0.3,13.133
FRASER,Joe,m,GBR,WED 28 JUL 2021,Olympic Games,final,"Tokyo, Japan",PB,5,6.600,8.533,0,15.133
FRASER,Joe,m,GBR,WED 28 JUL 2021,Olympic Games,final,"Tokyo, Japan",HB,5,6.500,7.900,0,14.400
MALONE,Brody,m,USA,WED 28 JUL 2021,Olympic Games,final,"Tokyo, Japan",FX,10,6.000,8.300,0,14.300
MALONE,Brody,m,USA,WED 28 JUL 2021,Olympic Games,final,"Tokyo, Japan",PH,7,5.800,8.300,0,14.100
MALONE,Brody,m,USA,WED 28 JUL 2021,Olympic Games,final,"Tokyo, Japan",SR,10,5.600,8.233,0,13.833
MALONE,Brody,m,USA,WED 28 JUL 2021,Olympic Games,final,"Tokyo, Japan",VT,11,5.200,9.166,0,14.366
MALONE,Brody,m,USA,WED 28 JUL 2021,Olympic Games,final,"Tokyo, Japan",PB,21,5.900,7.566,0,13.466
MALONE,Brody,m,USA,WED 28 JUL 2021,Olympic Games,final,"Tokyo, Japan",HB,5,6.500,7.900,0,14.400
KOVTUN,Illia,m,UKR,WED 28 JUL 2021,Olympic Games,final,"Tokyo, Japan",FX,14,5.900,8.233,0,14.133
KOVTUN,Illia,m,UKR,WED 28 JUL 2021,Olympic Games,final,"Tokyo, Japan",PH,6,6.500,7.766,0,14.266
KOVTUN,Illia,m,UKR,WED 28 JUL 2021,Olympic Games,final,"Tokyo, Japan",SR,21,5.100,8.033,0,13.133
KOVTUN,Illia,m,UKR,WED 28 JUL 2021,Olympic Games,final,"Tokyo, Japan",VT,19,4.800,9.033,0,13.833
KOVTUN,Illia,m,UKR,WED 28 JUL 2021,Olympic Games,final,"Tokyo, Japan",PB,10,6.600,8.066,0,14.666
KOVTUN,Illia,m,UKR,WED 28 JUL 2021,Olympic Games,final,"Tokyo, Japan",HB,11,6.200,7.566,0,13.766
MIKULAK,Samuel,m,USA,WED 28 JUL 2021,Olympic Games,final,"Tokyo, Japan",FX,23,5.800,7.133,0,12.933
MIKULAK,Samuel,m,USA,WED 28 JUL 2021,Olympic Games,final,"Tokyo, Japan",PH,13,5.500,8.066,0,13.566
MIKULAK,Samuel,m,USA,WED 28 JUL 2021,Olympic Games,final,"Tokyo, Japan",SR,12,5.300,8.233,0,13.533
MIKULAK,Samuel,m,USA,WED 28 JUL 2021,Olympic Games,final,"Tokyo, Japan",VT,7,5.200,9.333,0,14.533
MIKULAK,Samuel,m,USA,WED 28 JUL 2021,Olympic Games,final,"Tokyo, Japan",PB,8,6.400,8.566,0,14.966
MIKULAK,Samuel,m,USA,WED 28 JUL 2021,Olympic Games,final,"Tokyo, Japan",HB,12,6.100,7.533,0,13.633
GISCHARD,Benjamin,m,SUI,WED 28 JUL 2021,Olympic Games,final,"Tokyo, Japan",FX,10,6.000,8.300,0,14.300
GISCHARD,Benjamin,m,SUI,WED 28 JUL 2021,Olympic Games,final,"Tokyo, Japan",PH,10,5.600,8.066,0,13.666
GISCHARD,Benjamin,m,SUI,WED 28 JUL 2021,Olympic Games,final,"Tokyo, Japan",SR,16,5.300,8.133,0,13.433
GISCHARD,Benjamin,m,SUI,WED 28 JUL 2021,Olympic Games,final,"Tokyo, Japan",VT,13,5.200,9.100,0,14.300
GISCHARD,Benjamin,m,SUI,WED 28 JUL 2021,Olympic Games,final,"Tokyo, Japan",PB,19,5.200,8.500,0,13.700
GISCHARD,Benjamin,m,SUI,WED 28 JUL 2021,Olympic Games,final,"Tokyo, Japan",HB,15,4.800,8.533,0,13.333
KARIMI,Milad,m,KAZ,WED 28 JUL 2021,Olympic Games,final,"Tokyo, Japan",FX,1,6.400,8.633,0,15.033
KARIMI,Milad,m,KAZ,WED 28 JUL 2021,Olympic Games,final,"Tokyo, Japan",PH,17,5.800,7.466,0,13.266
KARIMI,Milad,m,KAZ,WED 28 JUL 2021,Olympic Games,final,"Tokyo, Japan",SR,22,4.800,8.066,0,12.866
KARIMI,Milad,m,KAZ,WED 28 JUL 2021,Olympic Games,final,"Tokyo, Japan",VT,17,5.600,8.566,-0.1,14.066
KARIMI,Milad,m,KAZ,WED 28 JUL 2021,Olympic Games,final,"Tokyo, Japan",PB,16,6.200,7.766,0,13.966
KARIMI,Milad,m,KAZ,WED 28 JUL 2021,Olympic Games,final,"Tokyo, Japan",HB,16,6.000,7.333,0,13.333
ASIL,Adem,m,TUR,WED 28 JUL 2021,Olympic Games,final,"Tokyo, Japan",FX,12,6.200,8.100,0,14.300
ASIL,Adem,m,TUR,WED 28 JUL 2021,Olympic Games,final,"Tokyo, Japan",PH,18,5.500,7.666,0,13.166
ASIL,Adem,m,TUR,WED 28 JUL 2021,Olympic Games,final,"Tokyo, Japan",SR,11,6.200,7.500,0,13.700
ASIL,Adem,m,TUR,WED 28 JUL 2021,Olympic Games,final,"Tokyo, Japan",VT,1,6.000,9.133,0,15.133
ASIL,Adem,m,TUR,WED 28 JUL 2021,Olympic Games,final,"Tokyo, Japan",PB,23,5.800,6.800,0,12.600
ASIL,Adem,m,TUR,WED 28 JUL 2021,Olympic Games,final,"Tokyo, Japan",HB,13,6.200,7.400,0,13.600
YUSOF,Eddy,m,SUI,WED 28 JUL 2021,Olympic Games,final,"Tokyo, Japan",FX,19,5.400,8.400,0,13.800
YUSOF,Eddy,m,SUI,WED 28 JUL 2021,Olympic Games,final,"Tokyo, Japan",PH,9,5.600,8.266,0,13.866
YUSOF,Eddy,m,SUI,WED 28 JUL 2021,Olympic Games,final,"Tokyo, Japan",SR,18,5.500,7.800,0,13.300
YUSOF,Eddy,m,SUI,WED 28 JUL 2021,Olympic Games,final,"Tokyo, Japan",VT,24,5.600,7.733,-0.3,13.033
YUSOF,Eddy,m,SUI,WED 28 JUL 2021,Olympic Games,final,"Tokyo, Japan",PB,11,5.900,8.633,0,14.533
YUSOF,Eddy,m,SUI,WED 28 JUL 2021,Olympic Games,final,"Tokyo, Japan",HB,18,5.400,7.800,0,13.200
SOUZA,Caio,m,BRA,WED 28 JUL 2021,Olympic Games,final,"Tokyo, Japan",FX,22,5.500,7.433,0,12.933
SOUZA,Caio,m,BRA,WED 28 JUL 2021,Olympic Games,final,"Tokyo, Japan",PH,23,5.600,6.533,0,12.133
SOUZA,Caio,m,BRA,WED 28 JUL 2021,Olympic Games,final,"Tokyo, Japan",SR,4,6.000,8.500,0,14.500
SOUZA,Caio,m,BRA,WED 28 JUL 2021,Olympic Games,final,"Tokyo, Japan",VT,16,5.600,8.900,-0.3,14.200
SOUZA,Caio,m,BRA,WED 28 JUL 2021,Olympic Games,final,"Tokyo, Japan",PB,12,6.100,8.400,0,14.500
SOUZA,Caio,m,BRA,WED 28 JUL 2021,Olympic Games,final,"Tokyo, Japan",HB,17,5.900,7.366,0,13.266
DAUSER,Lukas,m,GER,WED 28 JUL 2021,Olympic Games,final,"Tokyo, Japan",FX,20,5.400,8.133,0,13.533
DAUSER,Lukas,m,GER,WED 28 JUL 2021,Olympic Games,final,"Tokyo, Japan",PH,12,5.300,8.266,0,13.566
DAUSER,Lukas,m,GER,WED 28 JUL 2021,Olympic Games,final,"Tokyo, Japan",SR,17,5.300,8.025,0,13.325
DAUSER,Lukas,m,GER,WED 28 JUL 2021,Olympic Games,final,"Tokyo, Japan",VT,22,4.800,8.633,0,13.433
DAUSER,Lukas,m,GER,WED 28 JUL 2021,Olympic Games,final,"Tokyo, Japan",PB,2,6.700,8.700,0,15.400
DAUSER,Lukas,m,GER,WED 28 JUL 2021,Olympic Games,final,"Tokyo, Japan",HB,23,5.100,6.933,0,12.033
PAKHNIUK,Petro,m,UKR,WED 28 JUL 2021,Olympic Games,final,"Tokyo, Japan",FX,18,5.500,8.400,0,13.900
PAKHNIUK,Petro,m,UKR,WED 28 JUL 2021,Olympic Games,final,"Tokyo, Japan",PH,11,5.900,7.733,0,13.633
PAKHNIUK,Petro,m,UKR,WED 28 JUL 2021,Olympic Games,final,"Tokyo, Japan",SR,20,4.900,8.300,0,13.200
PAKHNIUK,Petro,m,UKR,WED 28 JUL 2021,Olympic Games,final,"Tokyo, Japan",VT,15,5.200,9.133,-0.1,14.233
PAKHNIUK,Petro,m,UKR,WED 28 JUL 2021,Olympic Games,final,"Tokyo, Japan",PB,22,6.600,6.666,0,13.266
PAKHNIUK,Petro,m,UKR,WED 28 JUL 2021,Olympic Games,final,"Tokyo, Japan",HB,19,5.300,7.733,0,13.033
SOARES,Diogo,m,BRA,WED 28 JUL 2021,Olympic Games,final,"Tokyo, Japan",FX,13,5.200,8.933,0,14.133
SOARES,Diogo,m,BRA,WED 28 JUL 2021,Olympic Games,final,"Tokyo, Japan",PH,20,5.100,7.733,0,12.833
SOARES,Diogo,m,BRA,WED 28 JUL 2021,Olympic Games,final,"Tokyo, Japan",SR,19,4.600,8.633,0,13.233
SOARES,Diogo,m,BRA,WED 28 JUL 2021,Olympic Games,final,"Tokyo, Japan",VT,18,4.800,9.133,-0.1,13.833
SOARES,Diogo,m,BRA,WED 28 JUL 2021,Olympic Games,final,"Tokyo, Japan",PB,19,5.200,8.500,0,13.700
SOARES,Diogo,m,BRA,WED 28 JUL 2021,Olympic Games,final,"Tokyo, Japan",HB,14,4.800,8.666,0,13.466
LEE,Chih,m,TPE,WED 28 JUL 2021,Olympic Games,final,"Tokyo, Japan",FX,8,5.700,8.700,0,14.400
LEE,Chih,m,TPE,WED 28 JUL 2021,Olympic Games,final,"Tokyo, Japan",PH,22,5.900,6.766,0,12.666
LEE,Chih,m,TPE,WED 28 JUL 2021,Olympic Games,final,"Tokyo, Japan",SR,24,5.400,7.333,0,12.733
LEE,Chih,m,TPE,WED 28 JUL 2021,Olympic Games,final,"Tokyo, Japan",VT,10,5.200,9.200,0,14.400
LEE,Chih,m,TPE,WED 28 JUL 2021,Olympic Games,final,"Tokyo, Japan",PB,17,5.400,8.500,0,13.900
LEE,Chih,m,TPE,WED 28 JUL 2021,Olympic Games,final,"Tokyo, Japan",HB,21,5.300,7.300,0,12.600
LEE,Junho,m,KOR,WED 28 JUL 2021,Olympic Games,final,"Tokyo, Japan",FX,17,5.800,8.166,0,13.966
LEE,Junho,m,KOR,WED 28 JUL 2021,Olympic Games,final,"Tokyo, Japan",PH,21,4.800,7.966,0,12.766
LEE,Junho,m,KOR,WED 28 JUL 2021,Olympic Games,final,"Tokyo, Japan",SR,15,5.000,8.466,0,13.466
LEE,Junho,m,KOR,WED 28 JUL 2021,Olympic Games,final,"Tokyo, Japan",VT,20,5.600,8.500,-0.3,13.800
LEE,Junho,m,KOR,WED 28 JUL 2021,Olympic Games,final,"Tokyo, Japan",PB,14,5.600,8.566,0,14.166
LEE,Junho,m,KOR,WED 28 JUL 2021,Olympic Games,final,"Tokyo, Japan",HB,22,5.300,7.000,0,12.300
HERDER,Philipp,m,GER,WED 28 JUL 2021,Olympic Games,final,"Tokyo, Japan",FX,21,5.500,7.933,-0.3,13.133
HERDER,Philipp,m,GER,WED 28 JUL 2021,Olympic Games,final,"Tokyo, Japan",PH,24,5.700,6.400,0,12.100
HERDER,Philipp,m,GER,WED 28 JUL 2021,Olympic Games,final,"Tokyo, Japan",SR,23,5.300,7.533,0,12.833
HERDER,Philipp,m,GER,WED 28 JUL 2021,Olympic Games,final,"Tokyo, Japan",VT,21,5.200,8.566,-0.1,13.666
HERDER,Philipp,m,GER,WED 28 JUL 2021,Olympic Games,final,"Tokyo, Japan",PB,15,6.000,8.000,0,14.000
HERDER,Philipp,m,GER,WED 28 JUL 2021,Olympic Games,final,"Tokyo, Japan",HB,20,5.300,7.533,0,12.833
HASHIMOTO,Daiki,m,JPN,SAT 24 JUL 2021,Olympic Games,qual,"Tokyo, Japan",FX,10,6.200,8.600,-0.1,14.700
HASHIMOTO,Daiki,m,JPN,SAT 24 JUL 2021,Olympic Games,qual,"Tokyo, Japan",PH,8,6.500,8.266,0,14.766
HASHIMOTO,Daiki,m,JPN,SAT 24 JUL 2021,Olympic Games,qual,"Tokyo, Japan",SR,27,5.600,8.266,0,13.866
HASHIMOTO,Daiki,m,JPN,SAT 24 JUL 2021,Olympic Games,qual,"Tokyo, Japan",VT,4,5.600,9.266,0,14.866
HASHIMOTO,Daiki,m,JPN,SAT 24 JUL 2021,Olympic Games,qual,"Tokyo, Japan",PB,10,6.200,9.100,0,15.300
HASHIMOTO,Daiki,m,JPN,SAT 24 JUL 2021,Olympic Games,qual,"Tokyo, Japan",HB,1,6.500,8.533,0,15.033
NAGORNYY,Nikita,m,ROC,SAT 24 JUL 2021,Olympic Games,qual,"Tokyo, Japan",FX,2,6.200,8.866,0,15.066
NAGORNYY,Nikita,m,ROC,SAT 24 JUL 2021,Olympic Games,qual,"Tokyo, Japan",PH,14,6.200,8.166,0,14.366
NAGORNYY,Nikita,m,ROC,SAT 24 JUL 2021,Olympic Games,qual,"Tokyo, Japan",SR,15,6.000,8.333,0,14.333
NAGORNYY,Nikita,m,ROC,SAT 24 JUL 2021,Olympic Games,qual,"Tokyo, Japan",VT,11,5.600,9.100,0,14.700
NAGORNYY,Nikita,m,ROC,SAT 24 JUL 2021,Olympic Games,qual,"Tokyo, Japan",PB,19,6.100,8.866,0,14.966
NAGORNYY,Nikita,m,ROC,SAT 24 JUL 2021,Olympic Games,qual,"Tokyo, Japan",HB,5,6.000,8.466,0,14.466
XIAO,Ruoteng,m,CHN,SAT 24 JUL 2021,Olympic Games,qual,"Tokyo, Japan",FX,7,6.200,8.666,0,14.866
XIAO,Ruoteng,m,CHN,SAT 24 JUL 2021,Olympic Games,qual,"Tokyo, Japan",PH,16,6.400,7.900,0,14.300
XIAO,Ruoteng,m,CHN,SAT 24 JUL 2021,Olympic Games,qual,"Tokyo, Japan",SR,21,6.000,8.200,0,14.200
XIAO,Ruoteng,m,CHN,SAT 24 JUL 2021,Olympic Games,qual,"Tokyo, Japan",VT,10,5.600,9.200,-0.1,14.700
XIAO,Ruoteng,m,CHN,SAT 24 JUL 2021,Olympic Games,qual,"Tokyo, Japan",PB,6,6.400,9.000,0,15.400
XIAO,Ruoteng,m,CHN,SAT 24 JUL 2021,Olympic Games,qual,"Tokyo, Japan",HB,10,6.000,8.266,0,14.266
SUN,Wei,m,CHN,SAT 24 JUL 2021,Olympic Games,qual,"Tokyo, Japan",FX,17,6.000,8.333,0,14.333
SUN,Wei,m,CHN,SAT 24 JUL 2021,Olympic Games,qual,"Tokyo, Japan",PH,6,6.300,8.533,0,14.833
SUN,Wei,m,CHN,SAT 24 JUL 2021,Olympic Games,qual,"Tokyo, Japan",SR,18,5.900,8.333,0,14.233
SUN,Wei,m,CHN,SAT 24 JUL 2021,Olympic Games,qual,"Tokyo, Japan",VT,6,5.600,9.266,-0.1,14.766
SUN,Wei,m,CHN,SAT 24 JUL 2021,Olympic Games,qual,"Tokyo, Japan",PB,15,6.500,8.633,0,15.133
SUN,Wei,m,CHN,SAT 24 JUL 2021,Olympic Games,qual,"Tokyo, Japan",HB,18,6.200,7.800,0,14.000
FRASER,Joe,m,GBR,SAT 24 JUL 2021,Olympic Games,qual,"Tokyo, Japan",FX,23,5.800,8.266,0,14.066
FRASER,Joe,m,GBR,SAT 24 JUL 2021,Olympic Games,qual,"Tokyo, Japan",PH,11,6.300,8.366,0,14.666
FRASER,Joe,m,GBR,SAT 24 JUL 2021,Olympic Games,qual,"Tokyo, Japan",SR,12,5.800,8.600,0,14.400
FRASER,Joe,m,GBR,SAT 24 JUL 2021,Olympic Games,qual,"Tokyo, Japan",VT,46,5.600,8.533,-0.3,13.833
FRASER,Joe,m,GBR,SAT 24 JUL 2021,Olympic Games,qual,"Tokyo, Japan",PB,7,6.600,8.800,0,15.400
FRASER,Joe,m,GBR,SAT 24 JUL 2021,Olympic Games,qual,"Tokyo, Japan",HB,19,6.100,7.833,0,13.933
DALALOYAN,Artur,m,ROC,SAT 24 JUL 2021,Olympic Games,qual,"Tokyo, Japan",FX,37,5.700,8.000,0,13.700
DALALOYAN,Artur,m,ROC,SAT 24 JUL 2021,Olympic Games,qual,"Tokyo, Japan",PH,26,5.800,8.000,0,13.800
DALALOYAN,Artur,m,ROC,SAT 24 JUL 2021,Olympic Games,qual,"Tokyo, Japan",SR,10,6.000,8.500,0,14.500
DALALOYAN,Artur,m,ROC,SAT 24 JUL 2021,Olympic Games,qual,"Tokyo, Japan",VT,14,5.600,9.058,0,14.658
DALALOYAN,Artur,m,ROC,SAT 24 JUL 2021,Olympic Games,qual,"Tokyo, Japan",PB,12,6.400,8.833,0,15.233
DALALOYAN,Artur,m,ROC,SAT 24 JUL 2021,Olympic Games,qual,"Tokyo, Japan",HB,14,6.000,8.066,0,14.066
KITAZONO,Takeru,m,JPN,SAT 24 JUL 2021,Olympic Games,qual,"Tokyo, Japan",FX,11,6.200,8.466,0,14.666
KITAZONO,Takeru,m,JPN,SAT 24 JUL 2021,Olympic Games,qual,"Tokyo, Japan",PH,22,5.700,8.216,0,13.916
KITAZONO,Takeru,m,JPN,SAT 24 JUL 2021,Olympic Games,qual,"Tokyo, Japan",SR,44,4.500,8.833,0,13.333
KITAZONO,Takeru,m,JPN,SAT 24 JUL 2021,Olympic Games,qual,"Tokyo, Japan",VT,11,5.600,9.100,0,14.700
KITAZONO,Takeru,m,JPN,SAT 24 JUL 2021,Olympic Games,qual,"Tokyo, Japan",PB,22,6.300,8.600,0,14.900
KITAZONO,Takeru,m,JPN,SAT 24 JUL 2021,Olympic Games,qual,"Tokyo, Japan",HB,6,5.900,8.533,0,14.433
ONDER,Ahmet,m,TUR,SAT 24 JUL 2021,Olympic Games,qual,"Tokyo, Japan",FX,13,6.300,8.300,0,14.600
ONDER,Ahmet,m,TUR,SAT 24 JUL 2021,Olympic Games,qual,"Tokyo, Japan",PH,39,5.400,7.933,0,13.333
ONDER,Ahmet,m,TUR,SAT 24 JUL 2021,Olympic Games,qual,"Tokyo, Japan",SR,13,6.000,8.366,0,14.366
ONDER,Ahmet,m,TUR,SAT 24 JUL 2021,Olympic Games,qual,"Tokyo, Japan",VT,26,5.200,9.133,0,14.333
ONDER,Ahmet,m,TUR,SAT 24 JUL 2021,Olympic Games,qual,"Tokyo, Japan",PB,14,6.500,8.700,0,15.200
ONDER,Ahmet,m,TUR,SAT 24 JUL 2021,Olympic Games,qual,"Tokyo, Japan",HB,21,5.700,8.133,0,13.833
KAYA,Kazuma,m,JPN,SAT 24 JUL 2021,Olympic Games,qual,"Tokyo, Japan",FX,27,5.600,8.333,0,13.933
KAYA,Kazuma,m,JPN,SAT 24 JUL 2021,Olympic Games,qual,"Tokyo, Japan",PH,7,6.400,8.433,0,14.833
KAYA,Kazuma,m,JPN,SAT 24 JUL 2021,Olympic Games,qual,"Tokyo, Japan",SR,14,6.100,8.266,0,14.366
KAYA,Kazuma,m,JPN,SAT 24 JUL 2021,Olympic Games,qual,"Tokyo, Japan",VT,62,5.600,7.900,-0.3,13.200
KAYA,Kazuma,m,JPN,SAT 24 JUL 2021,Olympic Games,qual,"Tokyo, Japan",PB,17,6.300,8.800,0,15.100
KAYA,Kazuma,m,JPN,SAT 24 JUL 2021,Olympic Games,qual,"Tokyo, Japan",HB,17,6.100,7.933,0,14.033
BELYAVSKIY,David,m,ROC,SAT 24 JUL 2021,Olympic Games,qual,"Tokyo, Japan",FX,59,5.200,7.733,0,12.933
BELYAVSKIY,David,m,ROC,SAT 24 JUL 2021,Olympic Games,qual,"Tokyo, Japan",PH,9,6.400,8.333,0,14.733
BELYAVSKIY,David,m,ROC,SAT 24 JUL 2021,Olympic Games,qual,"Tokyo, Japan",SR,23,5.700,8.300,0,14.000
BELYAVSKIY,David,m,ROC,SAT 24 JUL 2021,Olympic Games,qual,"Tokyo, Japan",VT,30,5.600,8.700,0,14.300
BELYAVSKIY,David,m,ROC,SAT 24 JUL 2021,Olympic Games,qual,"Tokyo, Japan",PB,9,6.600,8.725,0,15.325
BELYAVSKIY,David,m,ROC,SAT 24 JUL 2021,Olympic Games,qual,"Tokyo, Japan",HB,16,5.700,8.333,0,14.033
MALONE,Brody,m,USA,SAT 24 JUL 2021,Olympic Games,qual,"Tokyo, Japan",FX,39,5.500,8.266,-0.1,13.666
MALONE,Brody,m,USA,SAT 24 JUL 2021,Olympic Games,qual,"Tokyo, Japan",PH,28,5.600,8.133,0,13.733
MALONE,Brody,m,USA,SAT 24 JUL 2021,Olympic Games,qual,"Tokyo, Japan",SR,19,5.600,8.600,0,14.200
MALONE,Brody,m,USA,SAT 24 JUL 2021,Olympic Games,qual,"Tokyo, Japan",VT,18,5.200,9.333,0,14.533
MALONE,Brody,m,USA,SAT 24 JUL 2021,Olympic Games,qual,"Tokyo, Japan",PB,29,5.800,8.833,0,14.633
MALONE,Brody,m,USA,SAT 24 JUL 2021,Olympic Games,qual,"Tokyo, Japan",HB,4,6.500,8.033,0,14.533
LIN,Chaopan,m,CHN,SAT 24 JUL 2021,Olympic Games,qual,"Tokyo, Japan",FX,26,6.100,7.866,0,13.966
LIN,Chaopan,m,CHN,SAT 24 JUL 2021,Olympic Games,qual,"Tokyo, Japan",PH,20,5.600,8.500,0,14.100
LIN,Chaopan,m,CHN,SAT 24 JUL 2021,Olympic Games,qual,"Tokyo, Japan",SR,41,5.600,7.833,0,13.433
LIN,Chaopan,m,CHN,SAT 24 JUL 2021,Olympic Games,qual,"Tokyo, Japan",VT,13,5.600,9.066,0,14.666
LIN,Chaopan,m,CHN,SAT 24 JUL 2021,Olympic Games,qual,"Tokyo, Japan",PB,25,6.300,8.433,0,14.733
LIN,Chaopan,m,CHN,SAT 24 JUL 2021,Olympic Games,qual,"Tokyo, Japan",HB,11,6.300,7.900,0,14.200
TANIGAWA,Wataru,m,JPN,SAT 24 JUL 2021,Olympic Games,qual,"Tokyo, Japan",FX,14,5.900,8.566,0,14.466
TANIGAWA,Wataru,m,JPN,SAT 24 JUL 2021,Olympic Games,qual,"Tokyo, Japan",PH,25,5.900,7.933,0,13.833
TANIGAWA,Wataru,m,JPN,SAT 24 JUL 2021,Olympic Games,qual,"Tokyo, Japan",SR,17,6.000,8.300,0,14.300
TANIGAWA,Wataru,m,JPN,SAT 24 JUL 2021,Olympic Games,qual,"Tokyo, Japan",VT,51,6.000,7.966,-0.3,13.666
TANIGAWA,Wataru,m,JPN,SAT 24 JUL 2021,Olympic Games,qual,"Tokyo, Japan",PB,11,6.400,8.841,0,15.241
TANIGAWA,Wataru,m,JPN,SAT 24 JUL 2021,Olympic Games,qual,"Tokyo, Japan",HB,32,5.600,7.800,0,13.400
MIKULAK,Samuel,m,USA,SAT 24 JUL 2021,Olympic Games,qual,"Tokyo, Japan",FX,15,6.200,8.266,0,14.466
MIKULAK,Samuel,m,USA,SAT 24 JUL 2021,Olympic Games,qual,"Tokyo, Japan",PH,23,5.600,8.300,0,13.900
MIKULAK,Samuel,m,USA,SAT 24 JUL 2021,Olympic Games,qual,"Tokyo, Japan",SR,25,5.300,8.566,0,13.866
MIKULAK,Samuel,m,USA,SAT 24 JUL 2021,Olympic Games,qual,"Tokyo, Japan",VT,33,5.200,8.933,0,14.133
MIKULAK,Samuel,m,USA,SAT 24 JUL 2021,Olympic Games,qual,"Tokyo, Japan",PB,5,6.400,9.033,0,15.433
MIKULAK,Samuel,m,USA,SAT 24 JUL 2021,Olympic Games,qual,"Tokyo, Japan",HB,54,6.000,6.866,0,12.866
ASIL,Adem,m,TUR,SAT 24 JUL 2021,Olympic Games,qual,"Tokyo, Japan",FX,24,6.200,7.933,-0.1,14.033
ASIL,Adem,m,TUR,SAT 24 JUL 2021,Olympic Games,qual,"Tokyo, Japan",PH,61,6.000,6.400,0,12.400
ASIL,Adem,m,TUR,SAT 24 JUL 2021,Olympic Games,qual,"Tokyo, Japan",SR,6,6.200,8.600,0,14.800
ASIL,Adem,m,TUR,SAT 24 JUL 2021,Olympic Games,qual,"Tokyo, Japan",VT,1,6.000,9.100,0,15.100
ASIL,Adem,m,TUR,SAT 24 JUL 2021,Olympic Games,qual,"Tokyo, Japan",PB,42,6.000,8.091,0,14.091
ASIL,Adem,m,TUR,SAT 24 JUL 2021,Olympic Games,qual,"Tokyo, Japan",HB,13,6.200,7.900,0,14.100
HALL,James,m,GBR,SAT 24 JUL 2021,Olympic Games,qual,"Tokyo, Japan",FX,29,5.900,8.166,-0.2,13.866
HALL,James,m,GBR,SAT 24 JUL 2021,Olympic Games,qual,"Tokyo, Japan",PH,21,6.200,7.900,0,14.100
HALL,James,m,GBR,SAT 24 JUL 2021,Olympic Games,qual,"Tokyo, Japan",SR,30,5.600,8.133,0,13.733
HALL,James,m,GBR,SAT 24 JUL 2021,Olympic Games,qual,"Tokyo, Japan",VT,26,5.200,9.133,0,14.333
HALL,James,m,GBR,SAT 24 JUL 2021,Olympic Games,qual,"Tokyo, Japan",PB,36,5.900,8.433,0,14.333
HALL,James,m,GBR,SAT 24 JUL 2021,Olympic Games,qual,"Tokyo, Japan",HB,15,6.100,7.966,0,14.066
LEE,Chih,m,TPE,SAT 24 JUL 2021,Olympic Games,qual,"Tokyo, Japan",FX,21,5.700,8.500,0,14.200
LEE,Chih,m,TPE,SAT 24 JUL 2021,Olympic Games,qual,"Tokyo, Japan",PH,1,6.400,8.866,0,15.266
LEE,Chih,m,TPE,SAT 24 JUL 2021,Olympic Games,qual,"Tokyo, Japan",SR,57,5.400,7.633,0,13.033
LEE,Chih,m,TPE,SAT 24 JUL 2021,Olympic Games,qual,"Tokyo, Japan",VT,21,5.200,9.300,0,14.500
LEE,Chih,m,TPE,SAT 24 JUL 2021,Olympic Games,qual,"Tokyo, Japan",PB,39,5.400,8.833,0,14.233
LEE,Chih,m,TPE,SAT 24 JUL 2021,Olympic Games,qual,"Tokyo, Japan",HB,46,5.300,7.800,0,13.100
SOUZA,Caio,m,BRA,SAT 24 JUL 2021,Olympic Games,qual,"Tokyo, Japan",FX,25,5.500,8.466,0,13.966
SOUZA,Caio,m,BRA,SAT 24 JUL 2021,Olympic Games,qual,"Tokyo, Japan",PH,36,5.500,7.900,0,13.400
SOUZA,Caio,m,BRA,SAT 24 JUL 2021,Olympic Games,qual,"Tokyo, Japan",SR,15,6.000,8.333,0,14.333
SOUZA,Caio,m,BRA,SAT 24 JUL 2021,Olympic Games,qual,"Tokyo, Japan",VT,16,5.600,9.000,0,14.600
SOUZA,Caio,m,BRA,SAT 24 JUL 2021,Olympic Games,qual,"Tokyo, Japan",PB,31,6.100,8.433,0,14.533
SOUZA,Caio,m,BRA,SAT 24 JUL 2021,Olympic Games,qual,"Tokyo, Japan",HB,28,5.900,7.566,0,13.466
MOLDAUER,Yul,m,USA,SAT 24 JUL 2021,Olympic Games,qual,"Tokyo, Japan",FX,6,5.800,9.066,0,14.866
MOLDAUER,Yul,m,USA,SAT 24 JUL 2021,Olympic Games,qual,"Tokyo, Japan",PH,17,5.900,8.333,0,14.233
MOLDAUER,Yul,m,USA,SAT 24 JUL 2021,Olympic Games,qual,"Tokyo, Japan",SR,22,5.800,8.233,0,14.033
MOLDAUER,Yul,m,USA,SAT 24 JUL 2021,Olympic Games,qual,"Tokyo, Japan",VT,33,5.200,8.933,0,14.133
MOLDAUER,Yul,m,USA,SAT 24 JUL 2021,Olympic Games,qual,"Tokyo, Japan",PB,49,5.900,8.000,0,13.900
MOLDAUER,Yul,m,USA,SAT 24 JUL 2021,Olympic Games,qual,"Tokyo, Japan",HB,53,5.200,7.733,0,12.933
DAUSER,Lukas,m,GER,SAT 24 JUL 2021,Olympic Games,qual,"Tokyo, Japan",FX,32,5.600,8.166,0,13.766
DAUSER,Lukas,m,GER,SAT 24 JUL 2021,Olympic Games,qual,"Tokyo, Japan",PH,30,5.300,8.366,0,13.666
DAUSER,Lukas,m,GER,SAT 24 JUL 2021,Olympic Games,qual,"Tokyo, Japan",SR,37,5.300,8.233,0,13.533
DAUSER,Lukas,m,GER,SAT 24 JUL 2021,Olympic Games,qual,"Tokyo, Japan",VT,52,4.800,8.900,-0.1,13.600
DAUSER,Lukas,m,GER,SAT 24 JUL 2021,Olympic Games,qual,"Tokyo, Japan",PB,2,6.700,9.033,0,15.733
DAUSER,Lukas,m,GER,SAT 24 JUL 2021,Olympic Games,qual,"Tokyo, Japan",HB,29,5.400,8.033,0,13.433
WISKUS,Shane,m,USA,SAT 24 JUL 2021,Olympic Games,qual,"Tokyo, Japan",FX,9,6.000,8.733,0,14.733
WISKUS,Shane,m,USA,SAT 24 JUL 2021,Olympic Games,qual,"Tokyo, Japan",PH,37,5.300,8.066,0,13.366
WISKUS,Shane,m,USA,SAT 24 JUL 2021,Olympic Games,qual,"Tokyo, Japan",SR,26,5.500,8.366,0,13.866
WISKUS,Shane,m,USA,SAT 24 JUL 2021,Olympic Games,qual,"Tokyo, Japan",VT,65,5.200,7.900,-0.1,13.000
WISKUS,Shane,m,USA,SAT 24 JUL 2021,Olympic Games,qual,"Tokyo, Japan",PB,27,6.000,8.700,0,14.700
WISKUS,Shane,m,USA,SAT 24 JUL 2021,Olympic Games,qual,"Tokyo, Japan",HB,26,5.600,8.100,0,13.700
TANG,Chia-Hung,m,TPE,SAT 24 JUL 2021,Olympic Games,qual,"Tokyo, Japan",FX,16,5.400,8.933,0,14.333
TANG,Chia-Hung,m,TPE,SAT 24 JUL 2021,Olympic Games,qual,"Tokyo, Japan",PH,45,4.700,8.300,0,13.000
TANG,Chia-Hung,m,TPE,SAT 24 JUL 2021,Olympic Games,qual,"Tokyo, Japan",SR,28,5.500,8.333,0,13.833
TANG,Chia-Hung,m,TPE,SAT 24 JUL 2021,Olympic Games,qual,"Tokyo, Japan",VT,25,5.200,9.200,0,14.400
TANG,Chia-Hung,m,TPE,SAT 24 JUL 2021,Olympic Games,qual,"Tokyo, Japan",PB,47,4.800,9.166,0,13.966
TANG,Chia-Hung,m,TPE,SAT 24 JUL 2021,Olympic Games,qual,"Tokyo, Japan",HB,33,5.800,7.600,0,13.400
REGINI-MORAN,Giarnni,m,GBR,SAT 24 JUL 2021,Olympic Games,qual,"Tokyo, Japan",FX,12,6.400,8.366,-0.1,14.666
REGINI-MORAN,Giarnni,m,GBR,SAT 24 JUL 2021,Olympic Games,qual,"Tokyo, Japan",PH,65,5.300,6.866,0,12.166
REGINI-MORAN,Giarnni,m,GBR,SAT 24 JUL 2021,Olympic Games,qual,"Tokyo, Japan",SR,42,4.600,8.766,0,13.366
REGINI-MORAN,Giarnni,m,GBR,SAT 24 JUL 2021,Olympic Games,qual,"Tokyo, Japan",VT,16,5.600,9.000,0,14.600
REGINI-MORAN,Giarnni,m,GBR,SAT 24 JUL 2021,Olympic Games,qual,"Tokyo, Japan",PB,20,6.500,8.433,0,14.933
REGINI-MORAN,Giarnni,m,GBR,SAT 24 JUL 2021,Olympic Games,qual,"Tokyo, Japan",HB,44,4.900,8.200,0,13.100
PAKHNIUK,Petro,m,UKR,SAT 24 JUL 2021,Olympic Games,qual,"Tokyo, Japan",FX,43,5.500,8.066,0,13.566
PAKHNIUK,Petro,m,UKR,SAT 24 JUL 2021,Olympic Games,qual,"Tokyo, Japan",PH,53,5.900,6.966,0,12.866
PAKHNIUK,Petro,m,UKR,SAT 24 JUL 2021,Olympic Games,qual,"Tokyo, Japan",SR,40,5.200,8.266,0,13.466
PAKHNIUK,Petro,m,UKR,SAT 24 JUL 2021,Olympic Games,qual,"Tokyo, Japan",VT,36,5.200,8.900,0,14.100
PAKHNIUK,Petro,m,UKR,SAT 24 JUL 2021,Olympic Games,qual,"Tokyo, Japan",PB,8,6.600,8.733,0,15.333
PAKHNIUK,Petro,m,UKR,SAT 24 JUL 2021,Olympic Games,qual,"Tokyo, Japan",HB,31,5.300,8.100,0,13.400
KARIMI,Milad,m,KAZ,SAT 24 JUL 2021,Olympic Games,qual,"Tokyo, Japan",FX,8,6.400,8.366,0,14.766
KARIMI,Milad,m,KAZ,SAT 24 JUL 2021,Olympic Games,qual,"Tokyo, Japan",PH,68,5.700,6.200,0,11.900
KARIMI,Milad,m,KAZ,SAT 24 JUL 2021,Olympic Games,qual,"Tokyo, Japan",SR,49,4.800,8.500,0,13.300
KARIMI,Milad,m,KAZ,SAT 24 JUL 2021,Olympic Games,qual,"Tokyo, Japan",VT,23,5.600,8.833,0,14.433
KARIMI,Milad,m,KAZ,SAT 24 JUL 2021,Olympic Games,qual,"Tokyo, Japan",PB,57,6.200,7.200,0,13.400
KARIMI,Milad,m,KAZ,SAT 24 JUL 2021,Olympic Games,qual,"Tokyo, Japan",HB,2,6.400,8.366,0,14.766
GISCHARD,Benjamin,m,SUI,SAT 24 JUL 2021,Olympic Games,qual,"Tokyo, Japan",FX,19,6.000,8.266,0,14.266
GISCHARD,Benjamin,m,SUI,SAT 24 JUL 2021,Olympic Games,qual,"Tokyo, Japan",PH,24,5.600,8.233,0,13.833
GISCHARD,Benjamin,m,SUI,SAT 24 JUL 2021,Olympic Games,qual,"Tokyo, Japan",SR,46,5.300,8.033,0,13.333
GISCHARD,Benjamin,m,SUI,SAT 24 JUL 2021,Olympic Games,qual,"Tokyo, Japan",VT,32,5.200,8.966,0,14.166
GISCHARD,Benjamin,m,SUI,SAT 24 JUL 2021,Olympic Games,qual,"Tokyo, Japan",PB,50,5.200,8.600,0,13.800
GISCHARD,Benjamin,m,SUI,SAT 24 JUL 2021,Olympic Games,qual,"Tokyo, Japan",HB,43,4.800,8.300,0,13.100
HERDER,Philipp,m,GER,SAT 24 JUL 2021,Olympic Games,qual,"Tokyo, Japan",FX,34,5.500,8.233,0,13.733
HERDER,Philipp,m,GER,SAT 24 JUL 2021,Olympic Games,qual,"Tokyo, Japan",PH,41,5.600,7.633,0,13.233
HERDER,Philipp,m,GER,SAT 24 JUL 2021,Olympic Games,qual,"Tokyo, Japan",SR,47,5.600,7.733,0,13.333
HERDER,Philipp,m,GER,SAT 24 JUL 2021,Olympic Games,qual,"Tokyo, Japan",VT,18,5.200,9.333,0,14.533
HERDER,Philipp,m,GER,SAT 24 JUL 2021,Olympic Games,qual,"Tokyo, Japan",PB,33,6.000,8.500,0,14.500
HERDER,Philipp,m,GER,SAT 24 JUL 2021,Olympic Games,qual,"Tokyo, Japan",HB,46,5.300,7.800,0,13.100
LEE,Junho,m,KOR,SAT 24 JUL 2021,Olympic Games,qual,"Tokyo, Japan",FX,36,5.800,7.933,0,13.733
LEE,Junho,m,KOR,SAT 24 JUL 2021,Olympic Games,qual,"Tokyo, Japan",PH,48,4.800,8.100,0,12.900
LEE,Junho,m,KOR,SAT 24 JUL 2021,Olympic Games,qual,"Tokyo, Japan",SR,32,5.000,8.700,0,13.700
LEE,Junho,m,KOR,SAT 24 JUL 2021,Olympic Games,qual,"Tokyo, Japan",VT,23,5.600,8.833,0,14.433
LEE,Junho,m,KOR,SAT 24 JUL 2021,Olympic Games,qual,"Tokyo, Japan",PB,37,5.600,8.666,0,14.266
LEE,Junho,m,KOR,SAT 24 JUL 2021,Olympic Games,qual,"Tokyo, Japan",HB,35,5.700,7.666,0,13.366
KARTSEV,Aleksandr,m,ROC,SAT 24 JUL 2021,Olympic Games,qual,"Tokyo, Japan",FX,35,5.900,8.033,-0.2,13.733
KARTSEV,Aleksandr,m,ROC,SAT 24 JUL 2021,Olympic Games,qual,"Tokyo, Japan",PH,34,5.700,7.800,0,13.500
KARTSEV,Aleksandr,m,ROC,SAT 24 JUL 2021,Olympic Games,qual,"Tokyo, Japan",SR,34,5.200,8.433,0,13.633
KARTSEV,Aleksandr,m,ROC,SAT 24 JUL 2021,Olympic Games,qual,"Tokyo, Japan",VT,18,5.200,9.333,0,14.533
KARTSEV,Aleksandr,m,ROC,SAT 24 JUL 2021,Olympic Games,qual,"Tokyo, Japan",PB,21,6.000,8.900,0,14.900
KARTSEV,Aleksandr,m,ROC,SAT 24 JUL 2021,Olympic Games,qual,"Tokyo, Japan",HB,64,5.000,7.000,0,12.000
TOBA,Andreas,m,GER,SAT 24 JUL 2021,Olympic Games,qual,"Tokyo, Japan",FX,62,5.400,7.533,-0.1,12.833
TOBA,Andreas,m,GER,SAT 24 JUL 2021,Olympic Games,qual,"Tokyo, Japan",PH,29,5.700,8.000,0,13.700
TOBA,Andreas,m,GER,SAT 24 JUL 2021,Olympic Games,qual,"Tokyo, Japan",SR,31,5.800,7.933,0,13.733
TOBA,Andreas,m,GER,SAT 24 JUL 2021,Olympic Games,qual,"Tokyo, Japan",VT,39,5.200,8.800,0,14.000
TOBA,Andreas,m,GER,SAT 24 JUL 2021,Olympic Games,qual,"Tokyo, Japan",PB,40,5.300,8.800,0,14.100
TOBA,Andreas,m,GER,SAT 24 JUL 2021,Olympic Games,qual,"Tokyo, Japan",HB,24,6.300,7.500,0,13.800
YUSOF,Eddy,m,SUI,SAT 24 JUL 2021,Olympic Games,qual,"Tokyo, Japan",FX,46,5.400,8.100,0,13.500
YUSOF,Eddy,m,SUI,SAT 24 JUL 2021,Olympic Games,qual,"Tokyo, Japan",PH,60,5.600,6.866,0,12.466
YUSOF,Eddy,m,SUI,SAT 24 JUL 2021,Olympic Games,qual,"Tokyo, Japan",SR,38,5.500,8.033,0,13.533
YUSOF,Eddy,m,SUI,SAT 24 JUL 2021,Olympic Games,qual,"Tokyo, Japan",VT,29,5.600,8.833,-0.1,14.333
YUSOF,Eddy,m,SUI,SAT 24 JUL 2021,Olympic Games,qual,"Tokyo, Japan",PB,26,5.900,8.800,0,14.700
YUSOF,Eddy,m,SUI,SAT 24 JUL 2021,Olympic Games,qual,"Tokyo, Japan",HB,34,5.400,7.966,0,13.366
DUNKEL,Nils,m,GER,SAT 24 JUL 2021,Olympic Games,qual,"Tokyo, Japan",FX,58,5.000,7.933,0,12.933
DUNKEL,Nils,m,GER,SAT 24 JUL 2021,Olympic Games,qual,"Tokyo, Japan",PH,19,5.700,8.433,0,14.133
DUNKEL,Nils,m,GER,SAT 24 JUL 2021,Olympic Games,qual,"Tokyo, Japan",SR,35,5.500,8.100,0,13.600
DUNKEL,Nils,m,GER,SAT 24 JUL 2021,Olympic Games,qual,"Tokyo, Japan",VT,55,4.800,8.733,0,13.533
DUNKEL,Nils,m,GER,SAT 24 JUL 2021,Olympic Games,qual,"Tokyo, Japan",PB,34,5.900,8.533,0,14.433
DUNKEL,Nils,m,GER,SAT 24 JUL 2021,Olympic Games,qual,"Tokyo, Japan",HB,50,5.000,8.000,0,13.000
BAUMANN,Christian,m,SUI,SAT 24 JUL 2021,Olympic Games,qual,"Tokyo, Japan",FX,30,5.400,8.433,0,13.833
BAUMANN,Christian,m,SUI,SAT 24 JUL 2021,Olympic Games,qual,"Tokyo, Japan",PH,57,5.400,7.300,0,12.700
BAUMANN,Christian,m,SUI,SAT 24 JUL 2021,Olympic Games,qual,"Tokyo, Japan",SR,29,5.500,8.266,0,13.766
BAUMANN,Christian,m,SUI,SAT 24 JUL 2021,Olympic Games,qual,"Tokyo, Japan",VT,54,4.800,8.766,0,13.566
BAUMANN,Christian,m,SUI,SAT 24 JUL 2021,Olympic Games,qual,"Tokyo, Japan",PB,13,6.400,8.800,0,15.200
BAUMANN,Christian,m,SUI,SAT 24 JUL 2021,Olympic Games,qual,"Tokyo, Japan",HB,59,5.500,7.066,0,12.566
KOVTUN,Illia,m,UKR,SAT 24 JUL 2021,Olympic Games,qual,"Tokyo, Japan",FX,60,5.700,7.166,0,12.866
KOVTUN,Illia,m,UKR,SAT 24 JUL 2021,Olympic Games,qual,"Tokyo, Japan",PH,31,6.000,7.666,0,13.666
KOVTUN,Illia,m,UKR,SAT 24 JUL 2021,Olympic Games,qual,"Tokyo, Japan",SR,60,4.600,8.233,0,12.833
KOVTUN,Illia,m,UKR,SAT 24 JUL 2021,Olympic Games,qual,"Tokyo, Japan",VT,47,4.800,9.016,0,13.816
KOVTUN,Illia,m,UKR,SAT 24 JUL 2021,Olympic Games,qual,"Tokyo, Japan",PB,28,6.800,7.900,0,14.700
KOVTUN,Illia,m,UKR,SAT 24 JUL 2021,Olympic Games,qual,"Tokyo, Japan",HB,27,6.300,7.400,0,13.700
BRAEGGER,Pablo,m,SUI,SAT 24 JUL 2021,Olympic Games,qual,"Tokyo, Japan",FX,22,5.900,8.333,-0.1,14.133
BRAEGGER,Pablo,m,SUI,SAT 24 JUL 2021,Olympic Games,qual,"Tokyo, Japan",PH,33,5.400,8.166,0,13.566
BRAEGGER,Pablo,m,SUI,SAT 24 JUL 2021,Olympic Games,qual,"Tokyo, Japan",SR,39,4.600,8.866,0,13.466
BRAEGGER,Pablo,m,SUI,SAT 24 JUL 2021,Olympic Games,qual,"Tokyo, Japan",VT,69,5.200,7.833,-0.3,12.733
BRAEGGER,Pablo,m,SUI,SAT 24 JUL 2021,Olympic Games,qual,"Tokyo, Japan",PB,18,6.200,8.866,0,15.066
BRAEGGER,Pablo,m,SUI,SAT 24 JUL 2021,Olympic Games,qual,"Tokyo, Japan",HB,58,5.900,6.700,0,12.600
SOARES,Diogo,m,BRA,SAT 24 JUL 2021,Olympic Games,qual,"Tokyo, Japan",FX,20,5.200,9.000,0,14.200
SOARES,Diogo,m,BRA,SAT 24 JUL 2021,Olympic Games,qual,"Tokyo, Japan",PH,54,5.100,7.700,0,12.800
SOARES,Diogo,m,BRA,SAT 24 JUL 2021,Olympic Games,qual,"Tokyo, Japan",SR,55,4.600,8.533,0,13.133
SOARES,Diogo,m,BRA,SAT 24 JUL 2021,Olympic Games,qual,"Tokyo, Japan",VT,37,4.800,9.266,0,14.066
SOARES,Diogo,m,BRA,SAT 24 JUL 2021,Olympic Games,qual,"Tokyo, Japan",PB,48,5.200,8.700,0,13.900
SOARES,Diogo,m,BRA,SAT 24 JUL 2021,Olympic Games,qual,"Tokyo, Japan",HB,37,5.000,8.233,0,13.233
PLATA,Joel,m,ESP,SAT 24 JUL 2021,Olympic Games,qual,"Tokyo, Japan",FX,48,6.000,7.600,-0.1,13.500
PLATA,Joel,m,ESP,SAT 24 JUL 2021,Olympic Games,qual,"Tokyo, Japan",PH,35,5.800,7.633,0,13.433
PLATA,Joel,m,ESP,SAT 24 JUL 2021,Olympic Games,qual,"Tokyo, Japan",SR,50,5.000,8.300,0,13.300
PLATA,Joel,m,ESP,SAT 24 JUL 2021,Olympic Games,qual,"Tokyo, Japan",VT,40,4.800,9.166,0,13.966
PLATA,Joel,m,ESP,SAT 24 JUL 2021,Olympic Games,qual,"Tokyo, Japan",PB,30,5.900,8.733,0,14.633
PLATA,Joel,m,ESP,SAT 24 JUL 2021,Olympic Games,qual,"Tokyo, Japan",HB,62,6.000,6.466,0,12.466
EDALLI,Ludovico,m,ITA,SAT 24 JUL 2021,Olympic Games,qual,"Tokyo, Japan",FX,33,5.300,8.433,0,13.733
EDALLI,Ludovico,m,ITA,SAT 24 JUL 2021,Olympic Games,qual,"Tokyo, Japan",PH,32,5.600,8.000,0,13.600
EDALLI,Ludovico,m,ITA,SAT 24 JUL 2021,Olympic Games,qual,"Tokyo, Japan",SR,45,4.800,8.533,0,13.333
EDALLI,Ludovico,m,ITA,SAT 24 JUL 2021,Olympic Games,qual,"Tokyo, Japan",VT,50,4.800,8.966,-0.1,13.666
EDALLI,Ludovico,m,ITA,SAT 24 JUL 2021,Olympic Games,qual,"Tokyo, Japan",PB,60,5.500,7.666,0,13.166
EDALLI,Ludovico,m,ITA,SAT 24 JUL 2021,Olympic Games,qual,"Tokyo, Japan",HB,25,5.800,7.933,0,13.733
KIM,Hansol,m,KOR,SAT 24 JUL 2021,Olympic Games,qual,"Tokyo, Japan",FX,5,6.500,8.400,0,14.900
KIM,Hansol,m,KOR,SAT 24 JUL 2021,Olympic Games,qual,"Tokyo, Japan",PH,70,4.800,7.033,0,11.833
KIM,Hansol,m,KOR,SAT 24 JUL 2021,Olympic Games,qual,"Tokyo, Japan",SR,35,5.500,8.100,0,13.600
KIM,Hansol,m,KOR,SAT 24 JUL 2021,Olympic Games,qual,"Tokyo, Japan",VT,31,5.600,8.933,-0.3,14.233
KIM,Hansol,m,KOR,SAT 24 JUL 2021,Olympic Games,qual,"Tokyo, Japan",PB,51,5.700,7.966,0,13.666
KIM,Hansol,m,KOR,SAT 24 JUL 2021,Olympic Games,qual,"Tokyo, Japan",HB,56,4.600,8.200,0,12.800
CORRAL,Daniel,m,MEX,SAT 24 JUL 2021,Olympic Games,qual,"Tokyo, Japan",FX,55,5.400,7.800,0,13.200
CORRAL,Daniel,m,MEX,SAT 24 JUL 2021,Olympic Games,qual,"Tokyo, Japan",PH,40,6.000,7.266,0,13.266
CORRAL,Daniel,m,MEX,SAT 24 JUL 2021,Olympic Games,qual,"Tokyo, Japan",SR,43,5.100,8.266,0,13.366
CORRAL,Daniel,m,MEX,SAT 24 JUL 2021,Olympic Games,qual,"Tokyo, Japan",VT,41,4.800,9.133,0,13.933
CORRAL,Daniel,m,MEX,SAT 24 JUL 2021,Olympic Games,qual,"Tokyo, Japan",PB,44,6.000,8.033,0,14.033
CORRAL,Daniel,m,MEX,SAT 24 JUL 2021,Olympic Games,qual,"Tokyo, Japan",HB,45,5.200,7.900,0,13.100
RYU,Sunghyun,m,KOR,SAT 24 JUL 2021,Olympic Games,qual,"Tokyo, Japan",FX,3,6.900,8.166,0,15.066
RYU,Sunghyun,m,KOR,SAT 24 JUL 2021,Olympic Games,qual,"Tokyo, Japan",PH,48,4.800,8.100,0,12.900
RYU,Sunghyun,m,KOR,SAT 24 JUL 2021,Olympic Games,qual,"Tokyo, Japan",SR,54,5.000,8.166,0,13.166
RYU,Sunghyun,m,KOR,SAT 24 JUL 2021,Olympic Games,qual,"Tokyo, Japan",VT,22,5.600,9.000,-0.1,14.500
RYU,Sunghyun,m,KOR,SAT 24 JUL 2021,Olympic Games,qual,"Tokyo, Japan",PB,66,5.000,6.966,0,11.966
RYU,Sunghyun,m,KOR,SAT 24 JUL 2021,Olympic Games,qual,"Tokyo, Japan",HB,40,5.100,8.033,0,13.133
BARRETTO,JUNIOR,m,BRA,SAT 24 JUL 2021,Olympic Games,qual,"Tokyo, Japan",FX,57,5.000,8.000,0,13.000
BARRETTO,JUNIOR,m,BRA,SAT 24 JUL 2021,Olympic Games,qual,"Tokyo, Japan",PH,42,5.700,7.500,0,13.200
BARRETTO,JUNIOR,m,BRA,SAT 24 JUL 2021,Olympic Games,qual,"Tokyo, Japan",SR,53,4.300,8.900,0,13.200
BARRETTO,JUNIOR,m,BRA,SAT 24 JUL 2021,Olympic Games,qual,"Tokyo, Japan",VT,59,4.800,8.766,-0.1,13.466
BARRETTO,JUNIOR,m,BRA,SAT 24 JUL 2021,Olympic Games,qual,"Tokyo, Japan",PB,45,5.700,8.300,0,14.000
BARRETTO,JUNIOR,m,BRA,SAT 24 JUL 2021,Olympic Games,qual,"Tokyo, Japan",HB,22,6.200,7.633,0,13.833
YUDENKOV,Yevgen,m,UKR,SAT 24 JUL 2021,Olympic Games,qual,"Tokyo, Japan",FX,28,5.700,8.300,-0.1,13.900
YUDENKOV,Yevgen,m,UKR,SAT 24 JUL 2021,Olympic Games,qual,"Tokyo, Japan",PH,47,5.600,7.366,0,12.966
YUDENKOV,Yevgen,m,UKR,SAT 24 JUL 2021,Olympic Games,qual,"Tokyo, Japan",SR,51,5.700,7.566,0,13.266
YUDENKOV,Yevgen,m,UKR,SAT 24 JUL 2021,Olympic Games,qual,"Tokyo, Japan",VT,56,4.800,8.800,-0.1,13.500
YUDENKOV,Yevgen,m,UKR,SAT 24 JUL 2021,Olympic Games,qual,"Tokyo, Japan",PB,38,5.800,8.466,0,14.266
YUDENKOV,Yevgen,m,UKR,SAT 24 JUL 2021,Olympic Games,qual,"Tokyo, Japan",HB,60,4.700,7.833,0,12.533
FRASCA,Loris,m,FRA,SAT 24 JUL 2021,Olympic Games,qual,"Tokyo, Japan",FX,38,5.900,7.900,-0.1,13.700
FRASCA,Loris,m,FRA,SAT 24 JUL 2021,Olympic Games,qual,"Tokyo, Japan",PH,27,5.500,8.266,0,13.766
FRASCA,Loris,m,FRA,SAT 24 JUL 2021,Olympic Games,qual,"Tokyo, Japan",SR,56,4.900,8.200,0,13.100
FRASCA,Loris,m,FRA,SAT 24 JUL 2021,Olympic Games,qual,"Tokyo, Japan",VT,58,5.200,8.600,-0.3,13.500
FRASCA,Loris,m,FRA,SAT 24 JUL 2021,Olympic Games,qual,"Tokyo, Japan",PB,56,5.100,8.333,0,13.433
FRASCA,Loris,m,FRA,SAT 24 JUL 2021,Olympic Games,qual,"Tokyo, Japan",HB,55,4.700,8.133,0,12.833
TIKHONOV,Ivan,m,AZE,SAT 24 JUL 2021,Olympic Games,qual,"Tokyo, Japan",FX,53,5.500,7.833,-0.1,13.233
TIKHONOV,Ivan,m,AZE,SAT 24 JUL 2021,Olympic Games,qual,"Tokyo, Japan",PH,38,5.800,7.566,0,13.366
TIKHONOV,Ivan,m,AZE,SAT 24 JUL 2021,Olympic Games,qual,"Tokyo, Japan",SR,20,5.900,8.300,0,14.200
TIKHONOV,Ivan,m,AZE,SAT 24 JUL 2021,Olympic Games,qual,"Tokyo, Japan",VT,53,5.600,8.000,0,13.600
TIKHONOV,Ivan,m,AZE,SAT 24 JUL 2021,Olympic Games,qual,"Tokyo, Japan",PB,62,5.200,7.566,0,12.766
TIKHONOV,Ivan,m,AZE,SAT 24 JUL 2021,Olympic Games,qual,"Tokyo, Japan",HB,41,5.400,7.733,0,13.133
TVOROGAL,Robert,m,LTU,SAT 24 JUL 2021,Olympic Games,qual,"Tokyo, Japan",FX,41,5.400,8.233,0,13.633
TVOROGAL,Robert,m,LTU,SAT 24 JUL 2021,Olympic Games,qual,"Tokyo, Japan",PH,66,5.500,6.600,0,12.100
TVOROGAL,Robert,m,LTU,SAT 24 JUL 2021,Olympic Games,qual,"Tokyo, Japan",SR,48,4.500,8.800,0,13.300
TVOROGAL,Robert,m,LTU,SAT 24 JUL 2021,Olympic Games,qual,"Tokyo, Japan",VT,41,4.800,9.133,0,13.933
TVOROGAL,Robert,m,LTU,SAT 24 JUL 2021,Olympic Games,qual,"Tokyo, Japan",PB,32,5.900,8.600,0,14.500
TVOROGAL,Robert,m,LTU,SAT 24 JUL 2021,Olympic Games,qual,"Tokyo, Japan",HB,57,6.100,6.666,0,12.766
YULO,Carlos,m,PHI,SAT 24 JUL 2021,Olympic Games,qual,"Tokyo, Japan",FX,44,6.600,6.966,0,13.566
YULO,Carlos,m,PHI,SAT 24 JUL 2021,Olympic Games,qual,"Tokyo, Japan",PH,69,4.400,7.433,0,11.833
YULO,Carlos,m,PHI,SAT 24 JUL 2021,Olympic Games,qual,"Tokyo, Japan",SR,24,5.800,8.200,0,14.000
YULO,Carlos,m,PHI,SAT 24 JUL 2021,Olympic Games,qual,"Tokyo, Japan",VT,7,5.600,9.166,0,14.766
YULO,Carlos,m,PHI,SAT 24 JUL 2021,Olympic Games,qual,"Tokyo, Japan",PB,55,5.700,7.766,0,13.466
YULO,Carlos,m,PHI,SAT 24 JUL 2021,Olympic Games,qual,"Tokyo, Japan",HB,63,5.500,6.800,0,12.300
MIR,Nicolau,m,ESP,SAT 24 JUL 2021,Olympic Games,qual,"Tokyo, Japan",FX,45,5.900,7.633,0,13.533
MIR,Nicolau,m,ESP,SAT 24 JUL 2021,Olympic Games,qual,"Tokyo, Japan",PH,58,5.000,7.600,0,12.600
MIR,Nicolau,m,ESP,SAT 24 JUL 2021,Olympic Games,qual,"Tokyo, Japan",SR,67,4.700,7.700,0,12.400
MIR,Nicolau,m,ESP,SAT 24 JUL 2021,Olympic Games,qual,"Tokyo, Japan",VT,43,5.600,8.566,-0.3,13.866
MIR,Nicolau,m,ESP,SAT 24 JUL 2021,Olympic Games,qual,"Tokyo, Japan",PB,43,5.500,8.533,0,14.033
MIR,Nicolau,m,ESP,SAT 24 JUL 2021,Olympic Games,qual,"Tokyo, Japan",HB,37,5.000,8.233,0,13.233
ABDURAKHIMOV,Rasuljon,m,UZB,SAT 24 JUL 2021,Olympic Games,qual,"Tokyo, Japan",FX,64,4.800,7.766,0,12.566
ABDURAKHIMOV,Rasuljon,m,UZB,SAT 24 JUL 2021,Olympic Games,qual,"Tokyo, Japan",PH,64,4.900,7.266,0,12.166
ABDURAKHIMOV,Rasuljon,m,UZB,SAT 24 JUL 2021,Olympic Games,qual,"Tokyo, Japan",SR,62,4.400,8.333,0,12.733
ABDURAKHIMOV,Rasuljon,m,UZB,SAT 24 JUL 2021,Olympic Games,qual,"Tokyo, Japan",VT,45,5.200,8.633,0,13.833
ABDURAKHIMOV,Rasuljon,m,UZB,SAT 24 JUL 2021,Olympic Games,qual,"Tokyo, Japan",PB,24,6.100,8.633,0,14.733
ABDURAKHIMOV,Rasuljon,m,UZB,SAT 24 JUL 2021,Olympic Games,qual,"Tokyo, Japan",HB,48,4.300,8.733,0,13.033
GEORGIOU,Marios,m,CYP,SAT 24 JUL 2021,Olympic Games,qual,"Tokyo, Japan",FX,50,5.500,8.066,-0.1,13.466
GEORGIOU,Marios,m,CYP,SAT 24 JUL 2021,Olympic Games,qual,"Tokyo, Japan",PH,74,4.800,5.866,0,10.666
GEORGIOU,Marios,m,CYP,SAT 24 JUL 2021,Olympic Games,qual,"Tokyo, Japan",SR,61,5.000,7.766,0,12.766
GEORGIOU,Marios,m,CYP,SAT 24 JUL 2021,Olympic Games,qual,"Tokyo, Japan",VT,35,4.800,9.300,0,14.100
GEORGIOU,Marios,m,CYP,SAT 24 JUL 2021,Olympic Games,qual,"Tokyo, Japan",PB,52,6.300,7.366,0,13.666
GEORGIOU,Marios,m,CYP,SAT 24 JUL 2021,Olympic Games,qual,"Tokyo, Japan",HB,9,6.100,8.233,0,14.333
MOHAMED,Omar,m,EGY,SAT 24 JUL 2021,Olympic Games,qual,"Tokyo, Japan",FX,54,5.800,7.533,-0.1,13.233
MOHAMED,Omar,m,EGY,SAT 24 JUL 2021,Olympic Games,qual,"Tokyo, Japan",PH,46,5.000,8.000,0,13.000
MOHAMED,Omar,m,EGY,SAT 24 JUL 2021,Olympic Games,qual,"Tokyo, Japan",SR,66,5.200,7.300,0,12.500
MOHAMED,Omar,m,EGY,SAT 24 JUL 2021,Olympic Games,qual,"Tokyo, Japan",VT,48,5.200,8.900,-0.3,13.800
MOHAMED,Omar,m,EGY,SAT 24 JUL 2021,Olympic Games,qual,"Tokyo, Japan",PB,58,5.500,7.800,0,13.300
MOHAMED,Omar,m,EGY,SAT 24 JUL 2021,Olympic Games,qual,"Tokyo, Japan",HB,49,5.000,8.033,0,13.033
KOUDINOV,Mikhail,m,NZL,SAT 24 JUL 2021,Olympic Games,qual,"Tokyo, Japan",FX,51,5.200,8.233,0,13.433
KOUDINOV,Mikhail,m,NZL,SAT 24 JUL 2021,Olympic Games,qual,"Tokyo, Japan",PH,59,4.400,8.066,0,12.466
KOUDINOV,Mikhail,m,NZL,SAT 24 JUL 2021,Olympic Games,qual,"Tokyo, Japan",SR,64,4.600,8.000,0,12.600
KOUDINOV,Mikhail,m,NZL,SAT 24 JUL 2021,Olympic Games,qual,"Tokyo, Japan",VT,49,4.800,8.966,0,13.766
KOUDINOV,Mikhail,m,NZL,SAT 24 JUL 2021,Olympic Games,qual,"Tokyo, Japan",PB,35,6.100,8.333,0,14.433
KOUDINOV,Mikhail,m,NZL,SAT 24 JUL 2021,Olympic Games,qual,"Tokyo, Japan",HB,69,5.400,5.966,0,11.366
ABAD,Nestor,m,ESP,SAT 24 JUL 2021,Olympic Games,qual,"Tokyo, Japan",FX,40,6.000,8.066,-0.4,13.666
ABAD,Nestor,m,ESP,SAT 24 JUL 2021,Olympic Games,qual,"Tokyo, Japan",PH,71,5.000,6.466,0,11.466
ABAD,Nestor,m,ESP,SAT 24 JUL 2021,Olympic Games,qual,"Tokyo, Japan",SR,69,5.400,6.566,0,11.966
ABAD,Nestor,m,ESP,SAT 24 JUL 2021,Olympic Games,qual,"Tokyo, Japan",VT,65,5.200,7.900,-0.1,13.000
ABAD,Nestor,m,ESP,SAT 24 JUL 2021,Olympic Games,qual,"Tokyo, Japan",PB,23,5.800,9.000,0,14.800
ABAD,Nestor,m,ESP,SAT 24 JUL 2021,Olympic Games,qual,"Tokyo, Japan",HB,42,5.500,7.633,0,13.133
SHIAO,Yu-Jan,m,TPE,SAT 24 JUL 2021,Olympic Games,qual,"Tokyo, Japan",FX,31,5.500,8.333,0,13.833
SHIAO,Yu-Jan,m,TPE,SAT 24 JUL 2021,Olympic Games,qual,"Tokyo, Japan",PH,51,6.300,6.600,0,12.900
SHIAO,Yu-Jan,m,TPE,SAT 24 JUL 2021,Olympic Games,qual,"Tokyo, Japan",SR,59,4.300,8.533,0,12.833
SHIAO,Yu-Jan,m,TPE,SAT 24 JUL 2021,Olympic Games,qual,"Tokyo, Japan",VT,26,5.200,9.133,0,14.333
SHIAO,Yu-Jan,m,TPE,SAT 24 JUL 2021,Olympic Games,qual,"Tokyo, Japan",PB,65,4.400,7.700,0,12.100
SHIAO,Yu-Jan,m,TPE,SAT 24 JUL 2021,Olympic Games,qual,"Tokyo, Japan",HB,65,4.400,7.400,0,11.800
COURNOYER,Rene,m,CAN,SAT 24 JUL 2021,Olympic Games,qual,"Tokyo, Japan",FX,68,5.600,6.466,-0.3,11.766
COURNOYER,Rene,m,CAN,SAT 24 JUL 2021,Olympic Games,qual,"Tokyo, Japan",PH,55,5.200,7.600,0,12.800
COURNOYER,Rene,m,CAN,SAT 24 JUL 2021,Olympic Games,qual,"Tokyo, Japan",SR,33,5.500,8.166,0,13.666
COURNOYER,Rene,m,CAN,SAT 24 JUL 2021,Olympic Games,qual,"Tokyo, Japan",VT,44,5.600,8.366,-0.1,13.866
COURNOYER,Rene,m,CAN,SAT 24 JUL 2021,Olympic Games,qual,"Tokyo, Japan",PB,63,5.800,6.533,0,12.333
COURNOYER,Rene,m,CAN,SAT 24 JUL 2021,Olympic Games,qual,"Tokyo, Japan",HB,36,5.600,7.666,0,13.266
DIALLO,Thierno,m,ESP,SAT 24 JUL 2021,Olympic Games,qual,"Tokyo, Japan",FX,66,5.800,7.033,-0.6,12.233
DIALLO,Thierno,m,ESP,SAT 24 JUL 2021,Olympic Games,qual,"Tokyo, Japan",PH,50,5.700,7.200,0,12.900
DIALLO,Thierno,m,ESP,SAT 24 JUL 2021,Olympic Games,qual,"Tokyo, Japan",SR,58,4.900,8.100,0,13.000
DIALLO,Thierno,m,ESP,SAT 24 JUL 2021,Olympic Games,qual,"Tokyo, Japan",VT,68,5.200,7.933,-0.3,12.833
DIALLO,Thierno,m,ESP,SAT 24 JUL 2021,Olympic Games,qual,"Tokyo, Japan",PB,46,5.900,8.100,0,14.000
DIALLO,Thierno,m,ESP,SAT 24 JUL 2021,Olympic Games,qual,"Tokyo, Japan",HB,70,5.000,6.100,0,11.100
JESSEN,David,m,CZE,SAT 24 JUL 2021,Olympic Games,qual,"Tokyo, Japan",FX,49,5.100,8.366,0,13.466
JESSEN,David,m,CZE,SAT 24 JUL 2021,Olympic Games,qual,"Tokyo, Japan",PH,62,5.500,6.833,0,12.333
JESSEN,David,m,CZE,SAT 24 JUL 2021,Olympic Games,qual,"Tokyo, Japan",SR,65,4.100,8.466,0,12.566
JESSEN,David,m,CZE,SAT 24 JUL 2021,Olympic Games,qual,"Tokyo, Japan",VT,71,4.800,7.833,-0.3,12.333
JESSEN,David,m,CZE,SAT 24 JUL 2021,Olympic Games,qual,"Tokyo, Japan",PB,53,5.200,8.433,0,13.633
JESSEN,David,m,CZE,SAT 24 JUL 2021,Olympic Games,qual,"Tokyo, Japan",HB,71,5.000,6.000,0,11.000
EKE,Uche,m,NGR,SAT 24 JUL 2021,Olympic Games,qual,"Tokyo, Japan",FX,61,4.700,8.133,0,12.833
EKE,Uche,m,NGR,SAT 24 JUL 2021,Olympic Games,qual,"Tokyo, Japan",PH,52,5.500,7.366,0,12.866
EKE,Uche,m,NGR,SAT 24 JUL 2021,Olympic Games,qual,"Tokyo, Japan",SR,70,3.900,8.000,0,11.900
EKE,Uche,m,NGR,SAT 24 JUL 2021,Olympic Games,qual,"Tokyo, Japan",VT,61,4.800,8.633,0,13.433
EKE,Uche,m,NGR,SAT 24 JUL 2021,Olympic Games,qual,"Tokyo, Japan",PB,64,4.800,7.733,-0.3,12.233
EKE,Uche,m,NGR,SAT 24 JUL 2021,Olympic Games,qual,"Tokyo, Japan",HB,67,4.900,6.600,0,11.500
HUDDLESTON,David,m,BUL,SAT 24 JUL 2021,Olympic Games,qual,"Tokyo, Japan",FX,65,4.200,8.233,0,12.433
HUDDLESTON,David,m,BUL,SAT 24 JUL 2021,Olympic Games,qual,"Tokyo, Japan",PH,72,3.800,7.200,0,11.000
HUDDLESTON,David,m,BUL,SAT 24 JUL 2021,Olympic Games,qual,"Tokyo, Japan",SR,68,4.600,7.600,0,12.200
HUDDLESTON,David,m,BUL,SAT 24 JUL 2021,Olympic Games,qual,"Tokyo, Japan",VT,38,5.200,8.900,-0.1,14.000
HUDDLESTON,David,m,BUL,SAT 24 JUL 2021,Olympic Games,qual,"Tokyo, Japan",PB,59,5.300,7.866,0,13.166
HUDDLESTON,David,m,BUL,SAT 24 JUL 2021,Olympic Games,qual,"Tokyo, Japan",HB,68,4.500,6.966,0,11.466
HUNG,Yuan-Hsi,m,TPE,SAT 24 JUL 2021,Olympic Games,qual,"Tokyo, Japan",FX,52,4.900,8.433,-0.1,13.233
HUNG,Yuan-Hsi,m,TPE,SAT 24 JUL 2021,Olympic Games,qual,"Tokyo, Japan",PH,73,4.000,6.766,0,10.766
HUNG,Yuan-Hsi,m,TPE,SAT 24 JUL 2021,Olympic Games,qual,"Tokyo, Japan",SR,63,4.700,7.933,0,12.633
HUNG,Yuan-Hsi,m,TPE,SAT 24 JUL 2021,Olympic Games,qual,"Tokyo, Japan",VT,67,4.000,8.966,0,12.966
HUNG,Yuan-Hsi,m,TPE,SAT 24 JUL 2021,Olympic Games,qual,"Tokyo, Japan",PB,69,5.100,6.400,0,11.500
HUNG,Yuan-Hsi,m,TPE,SAT 24 JUL 2021,Olympic Games,qual,"Tokyo, Japan",HB,50,5.000,8.000,0,13.000
RUMBUTIS,David,m,SWE,SAT 24 JUL 2021,Olympic Games,qual,"Tokyo, Japan",FX,67,5.800,6.666,-0.3,12.166
RUMBUTIS,David,m,SWE,SAT 24 JUL 2021,Olympic Games,qual,"Tokyo, Japan",PH,67,5.200,6.833,0,12.033
RUMBUTIS,David,m,SWE,SAT 24 JUL 2021,Olympic Games,qual,"Tokyo, Japan",SR,71,4.700,6.500,0,11.200
RUMBUTIS,David,m,SWE,SAT 24 JUL 2021,Olympic Games,qual,"Tokyo, Japan",VT,63,5.200,7.900,0,13.100
RUMBUTIS,David,m,SWE,SAT 24 JUL 2021,Olympic Games,qual,"Tokyo, Japan",PB,68,5.000,6.733,0,11.733
RUMBUTIS,David,m,SWE,SAT 24 JUL 2021,Olympic Games,qual,"Tokyo, Japan",HB,61,5.000,7.533,0,12.533
LOO,Phay,m,MAS,SAT 24 JUL 2021,Olympic Games,qual,"Tokyo, Japan",FX,56,5.500,7.600,0,13.100
LOO,Phay,m,MAS,SAT 24 JUL 2021,Olympic Games,qual,"Tokyo, Japan",PH,63,5.700,6.566,0,12.266
LOO,Phay,m,MAS,SAT 24 JUL 2021,Olympic Games,qual,"Tokyo, Japan",SR,72,4.100,7.600,-4.0,7.700
LOO,Phay,m,MAS,SAT 24 JUL 2021,Olympic Games,qual,"Tokyo, Japan",VT,70,4.800,7.766,-0.1,12.466
LOO,Phay,m,MAS,SAT 24 JUL 2021,Olympic Games,qual,"Tokyo, Japan",PB,70,3.900,6.300,0,10.200
LOO,Phay,m,MAS,SAT 24 JUL 2021,Olympic Games,qual,"Tokyo, Japan",HB,66,5.000,6.766,0,11.766
